Time,NDVI,Precip,VHI
1982-07-15,0.08888765,15.013032,35.107067
1982-07-31,0.08587268,34.959187,33.51872
1982-08-15,0.10408616,60.923153,38.22763
1982-08-31,0.13819103,60.776985,42.444622
1982-09-15,0.15311985,16.419132,42.710106
1982-09-30,0.14622101,23.06311,39.89174
1982-10-15,0.13637078,8.202741,36.494114
1982-10-31,0.12626965,2.4069252,32.79069
1982-11-15,0.12204868,10.938021,38.13039
1982-11-30,0.121022515,8.448865,48.435852
1982-12-15,0.12872286,35.39571,55.285156
1982-12-31,0.13716857,6.995906,58.59281
1983-01-15,0.1480337,10.830243,57.784824
1983-01-31,0.16495875,32.470745,57.819454
1983-02-15,0.18891001,35.423897,60.6145
1983-02-28,0.20928468,10.671109,65.49944
1983-03-15,0.22607495,45.44908,66.54404
1983-03-31,0.2224119,25.191029,69.99388
1983-04-15,0.19171907,15.872969,70.37372
1983-04-30,0.16934831,8.674917,71.31333
1983-05-15,0.14810485,24.572845,68.30253
1983-05-31,0.12795128,12.66556,69.33083
1983-06-15,0.11756552,11.759856,63.580086
1983-06-30,0.109018736,12.271559,56.201878
1983-07-15,0.10541948,63.62607,51.53493
1983-07-31,0.11321348,48.488903,54.59175
1983-08-15,0.13291757,153.41655,59.23737
1983-08-31,0.16195877,151.35417,65.969055
1983-09-15,0.18821345,81.51447,74.58741
1983-09-30,0.19472669,24.700779,74.616264
1983-10-15,0.18029965,4.001985,70.28262
1983-10-31,0.16656554,3.052199,66.95505
1983-11-15,0.15167412,2.8789322,63.909145
1983-11-30,0.13664417,2.8894603,57.48269
1983-12-15,0.13232213,3.6219852,55.94568
1983-12-31,0.13534456,4.0119996,55.450596
1984-01-15,0.14040826,9.491009,51.68055
1984-01-31,0.14553556,9.436701,43.221302
1984-02-15,0.15274158,33.033894,38.39564
1984-02-29,0.15732962,15.057043,30.11757
1984-03-15,0.15791756,24.274717,30.635857
1984-03-31,0.15636708,41.008846,40.093143
1984-04-15,0.15578277,21.240501,50.56118
1984-04-30,0.14637826,29.491392,52.210762
1984-05-15,0.13236706,6.8998394,52.633743
1984-05-31,0.11705991,4.4398284,57.21922
1984-06-15,0.09944196,8.311874,53.937504
1984-06-30,0.09025097,35.527443,54.95295
1984-07-15,0.09609363,73.87932,63.670338
1984-07-31,0.12595882,84.8006,71.5332
1984-08-15,0.16512738,82.98539,77.924355
1984-08-31,0.20178656,150.3166,84.15113
1984-09-15,0.22379775,78.099846,84.967
1984-09-30,0.23186891,20.59703,73.69154
1984-10-15,0.21866672,3.4918542,57.042038
1984-10-31,0.19216484,2.3990126,46.128384
1984-11-15,0.16700754,4.1643314,41.113403
1984-11-30,0.15656924,5.228585,38.263424
1984-12-15,0.16444567,5.8340425,26.085623
1984-12-31,0.17426218,5.2936864,16.490103
1985-01-15,0.17426218,18.38368,16.490103
1985-01-31,0.17426218,30.23366,16.490103
1985-02-15,0.17426218,9.386871,16.490103
1985-02-28,0.17426218,8.726328,16.490103
1985-03-15,0.1764644,9.861991,16.321033
1985-03-31,0.16454306,29.070557,17.900969
1985-04-15,0.14935958,19.15343,25.548803
1985-04-30,0.13539322,12.8795805,29.877975
1985-05-15,0.120539315,22.164183,31.795803
1985-05-31,0.10645693,8.436866,32.90472
1985-06-15,0.089490645,6.50297,24.874062
1985-06-30,0.07617602,7.0669036,22.122995
1985-07-15,0.070808984,33.63981,29.05047
1985-07-31,0.085524365,91.26264,39.56512
1985-08-15,0.1078802,58.748978,39.499104
1985-08-31,0.12231087,53.802456,36.7011
1985-09-15,0.13139325,14.755836,34.95984
1985-09-30,0.13302249,17.780144,36.743793
1985-10-15,0.13476029,5.269258,39.15479
1985-10-31,0.13257678,3.7255988,41.235424
1985-11-15,0.1268277,3.814154,43.543697
1985-11-30,0.12703748,2.8660128,47.91835
1985-12-15,0.13259177,19.49061,54.932026
1985-12-31,0.14222474,63.544445,62.08553
1986-01-15,0.15890262,8.921975,63.931313
1986-01-31,0.17606744,11.676008,64.87297
1986-02-15,0.19546448,20.996214,64.95477
1986-02-28,0.2129326,47.332146,64.35048
1986-03-15,0.21887268,68.79416,66.22089
1986-03-31,0.22216858,20.941425,65.96417
1986-04-15,0.21476778,13.263305,66.39865
1986-04-30,0.1836405,14.030483,64.16498
1986-05-15,0.15100002,9.590494,57.33802
1986-05-31,0.12694378,10.64108,54.821934
1986-06-15,0.10350186,10.146137,44.077652
1986-06-30,0.087164804,25.245531,34.445415
1986-07-15,0.08256924,61.71152,32.865784
1986-07-31,0.09117978,69.25739,33.29043
1986-08-15,0.10931086,134.56271,33.67819
1986-08-31,0.12528463,53.95114,30.771788
1986-09-15,0.1317416,29.653316,29.541767
1986-09-30,0.12844943,28.288551,31.86024
1986-10-15,0.12598501,3.71911,35.676987
1986-10-31,0.12053933,2.6181805,36.684235
1986-11-15,0.11798874,7.6153955,40.072968
1986-11-30,0.11797007,17.460442,45.40163
1986-12-15,0.12932964,14.19833,57.095284
1986-12-31,0.14492883,12.230588,60.113792
1987-01-15,0.16094758,7.393033,52.348373
1987-01-31,0.17001867,6.741405,45.16943
1987-02-15,0.1750226,23.163206,50.740417
1987-02-28,0.18114983,67.087234,54.935284
1987-03-15,0.18895513,45.89808,61.60366
1987-03-31,0.19764048,54.425503,68.56337
1987-04-15,0.19592138,23.894133,66.42951
1987-04-30,0.17373033,8.912422,62.01577
1987-05-15,0.1454532,23.670198,60.49954
1987-05-31,0.12870781,23.46808,61.33849
1987-06-15,0.115737826,13.432727,50.686783
1987-06-30,0.10443819,13.087736,37.72327
1987-07-15,0.093445666,18.822878,23.099916
1987-07-31,0.084179774,37.034935,12.188599
1987-08-15,0.07455054,29.441242,5.678092
1987-08-31,0.07043447,48.693184,4.575412
1987-09-15,0.075322084,19.05033,5.112925
1987-09-30,0.08385391,23.454275,5.8046722
1987-10-15,0.08919099,16.489408,5.9251666
1987-10-31,0.091711596,6.4764915,4.886364
1987-11-15,0.08953556,2.2437484,4.299007
1987-11-30,0.086172275,2.0792878,6.6348796
1987-12-15,0.08145319,3.4827676,10.374295
1987-12-31,0.08208238,15.874167,10.998746
1988-01-15,0.085775316,37.055466,14.261718
1988-01-31,0.09555808,19.377571,16.027178
1988-02-15,0.1134644,8.203445,17.335758
1988-02-29,0.13287638,48.76162,16.143631
1988-03-15,0.15111992,84.91281,23.388847
1988-03-31,0.17100371,26.55696,35.413242
1988-04-15,0.17588389,22.769659,42.251923
1988-04-30,0.15889885,10.413777,42.809093
1988-05-15,0.13188769,6.662791,41.927814
1988-05-31,0.10284645,6.968795,42.678078
1988-06-15,0.08032961,17.516693,38.671787
1988-06-30,0.06673032,13.947094,37.253784
1988-07-15,0.07481647,106.8804,44.661774
1988-07-31,0.11124722,71.24365,54.291943
1988-08-15,0.14928089,54.110188,59.71004
1988-08-31,0.17529213,64.10404,61.673534
1988-09-15,0.18100373,28.767307,58.62347
1988-09-30,0.16677909,26.666315,48.84683
1988-10-15,0.147794,4.5132904,35.001217
1988-10-31,0.12726972,2.5172095,26.290062
1988-11-15,0.11884272,3.030555,26.981323
1988-11-30,0.12287643,2.7235825,29.933306
1988-12-15,0.124333344,5.616441,34.31429
1988-12-31,0.12747559,32.27072,45.094826
1989-01-15,0.13960674,12.109239,45.934647
1989-01-31,0.15184271,20.652584,35.65885
1989-02-15,0.15961422,18.388783,32.155926
1989-02-28,0.16836703,14.655827,31.184801
1989-03-15,0.17311607,21.65358,33.590736
1989-03-31,0.17934087,39.773792,42.629333
1989-04-15,0.18242326,6.1993394,45.19608
1989-04-30,0.16508989,15.317697,41.209965
1989-05-15,0.13908239,9.058541,34.723747
1989-05-31,0.114835195,9.728616,28.314674
1989-06-15,0.09128839,10.433117,18.923521
1989-06-30,0.07650936,6.852235,13.562888
1989-07-15,0.07017604,54.610626,13.772202
1989-07-31,0.07758427,91.98718,21.12948
1989-08-15,0.09702621,32.36795,26.976295
1989-08-31,0.11549812,70.93692,26.135935
1989-09-15,0.124288395,21.444103,23.655697
1989-09-30,0.12511612,39.346416,19.709452
1989-10-15,0.121977545,4.37152,17.061491
1989-10-31,0.11525091,3.205023,17.394299
1989-11-15,0.10785392,3.1630318,20.670433
1989-11-30,0.10371533,3.3788986,22.265717
1989-12-15,0.09978652,4.914651,26.669012
1989-12-31,0.102194756,14.784805,31.026196
1990-01-15,0.112685405,19.486137,30.916594
1990-01-31,0.13144942,22.374838,31.304731
1990-02-15,0.15524344,91.47557,37.613453
1990-02-28,0.18037824,42.78769,45.38325
1990-03-15,0.20290634,12.353259,55.014862
1990-03-31,0.2173071,59.142555,63.891197
1990-04-15,0.21414982,24.862638,65.553276
1990-04-30,0.18415731,16.740423,59.08988
1990-05-15,0.1431573,8.914808,46.05338
1990-05-31,0.1107865,8.0055275,40.02711
1990-06-15,0.0884869,7.3061275,32.798862
1990-06-30,0.071745306,22.673967,31.13056
1990-07-15,0.069561794,65.38442,33.810505
1990-07-31,0.0811011,14.913381,38.024742
1990-08-15,0.10619097,102.48971,42.435295
1990-08-31,0.14334086,67.87749,50.20072
1990-09-15,0.16880901,64.739975,57.767918
1990-09-30,0.17694381,41.13108,61.51444
1990-10-15,0.1792547,3.3109212,62.181084
1990-10-31,0.17208984,5.132382,60.790165
1990-11-15,0.16035959,2.6637056,60.58965
1990-11-30,0.15143824,2.7070506,58.47522
1990-12-15,0.1454644,6.863047,58.957516
1990-12-31,0.14940834,38.305523,64.510735
1991-01-15,0.16583145,8.279058,66.12737
1991-01-31,0.18155053,35.438286,64.586075
1991-02-15,0.20035957,96.36872,67.04128
1991-02-28,0.21650563,14.815865,70.75922
1991-03-15,0.22713111,22.213978,72.60147
1991-03-31,0.22682023,56.240517,74.97646
1991-04-15,0.21873409,59.087097,79.77724
1991-04-30,0.19871539,21.432705,82.1373
1991-05-15,0.17288388,31.109598,80.40117
1991-05-31,0.14656185,18.211895,74.99529
1991-06-15,0.13261795,8.38574,65.78173
1991-06-30,0.123801485,7.982014,55.548748
1991-07-15,0.12116107,31.337137,47.606483
1991-07-31,0.12838955,34.95321,45.07
1991-08-15,0.14692138,40.776184,47.75721
1991-08-31,0.16740076,41.898197,53.391655
1991-09-15,0.1810824,30.505247,61.34734
1991-09-30,0.18612358,33.794212,59.91671
1991-10-15,0.17840455,3.764662,54.976826
1991-10-31,0.1573109,2.4419656,50.803017
1991-11-15,0.13684638,2.9810104,48.83972
1991-11-30,0.12164045,3.2837257,46.401688
1991-12-15,0.10816857,21.43304,49.44945
1991-12-31,0.104528114,6.215541,42.235123
1992-01-15,0.10905621,30.964712,36.440727
1992-01-31,0.12259176,101.14597,39.317516
1992-02-15,0.14243446,24.61803,42.90841
1992-02-29,0.16321725,65.11564,42.023766
1992-03-15,0.18028086,32.803265,44.175335
1992-03-31,0.19493258,56.596165,49.659122
1992-04-15,0.19422469,6.979743,61.068653
1992-04-30,0.18403368,46.67849,71.72217
1992-05-15,0.16761422,25.389849,75.57821
1992-05-31,0.15201128,17.073238,77.22619
1992-06-15,0.13821347,12.906417,69.139206
1992-06-30,0.12643825,8.509469,58.217754
1992-07-15,0.11959175,27.022959,51.28704
1992-07-31,0.12820601,31.446054,52.048073
1992-08-15,0.15180902,55.04703,53.064087
1992-08-31,0.17332582,119.44215,56.65942
1992-09-15,0.19467045,37.286934,63.383617
1992-09-30,0.20243455,47.42331,64.72529
1992-10-15,0.19244194,5.721099,64.16468
1992-10-31,0.17691764,3.6992035,62.440834
1992-11-15,0.15988763,5.1806364,61.48212
1992-11-30,0.15053561,5.241981,61.001038
1992-12-15,0.15214232,2.657792,55.565437
1992-12-31,0.16557682,14.110262,46.870552
1993-01-15,0.18133329,28.414047,46.947536
1993-01-31,0.18708992,6.726235,41.546665
1993-02-15,0.18924716,27.65322,36.99405
1993-02-28,0.19216107,16.475645,37.678425
1993-03-15,0.19685389,39.272507,43.835815
1993-03-31,0.20108245,22.50861,51.64959
1993-04-15,0.198206,12.316919,57.606445
1993-04-30,0.18309736,18.395695,57.611614
1993-05-15,0.16556558,7.783046,58.59996
1993-05-31,0.1453559,10.537692,60.75994
1993-06-15,0.1341647,14.685566,58.600224
1993-06-30,0.1310412,10.589456,58.626144
1993-07-15,0.13753934,77.67389,57.60336
1993-07-31,0.15660676,62.283276,57.401665
1993-08-15,0.17401128,20.761337,54.18639
1993-08-31,0.18368912,28.25541,50.225983
1993-09-15,0.18700375,35.457047,51.3913
1993-09-30,0.18064041,51.340195,46.29854
1993-10-15,0.1661798,4.5242763,36.582962
1993-10-31,0.13686138,3.0484533,27.29245
1993-11-15,0.10870786,2.7857072,21.071936
1993-11-30,0.09554308,7.500068,19.422892
1993-12-15,0.08773406,1.6812158,19.894997
1993-12-31,0.085322134,3.8115838,17.945154
1994-01-15,0.09374906,10.689394,29.364069
1994-01-31,0.10525089,20.172203,25.759163
1994-02-15,0.119438216,37.589943,20.987673
1994-02-28,0.13792507,9.955524,16.63464
1994-03-15,0.15982395,24.115438,14.732651
1994-03-31,0.17595883,18.674393,23.21563
1994-04-15,0.17819095,34.289616,35.787636
1994-04-30,0.16294006,38.54883,43.319256
1994-05-15,0.14206369,11.419565,49.68075
1994-05-31,0.12888393,9.152397,61.60942
1994-06-15,0.12292885,8.552664,63.015682
1994-06-30,0.11884271,32.154385,63.39481
1994-07-15,0.12211232,119.50339,66.18946
1994-07-31,0.1402322,92.68276,68.99862
1994-08-15,0.16896631,59.13996,69.307724
1994-08-31,0.19705245,79.587975,69.01739
1994-09-15,0.20695508,76.071556,58.216103
1994-09-30,0.2023969,36.44149,41.292046
1994-10-15,0.2023969,7.4355736,41.292046
1994-10-31,0.2023969,7.6210113,41.292046
1994-11-15,0.2023969,3.2259285,41.292046
1994-11-30,0.2023969,3.3214169,41.292046
1994-12-15,0.2023969,17.648703,41.292046
1994-12-31,0.2023969,13.017107,41.292046
1995-01-15,0.2023969,7.205534,41.292046
1995-01-31,0.20223966,7.482083,41.208
1995-02-15,0.20112732,45.135506,43.062557
1995-02-28,0.20237453,13.709351,46.007797
1995-03-15,0.20112355,28.367306,48.721012
1995-03-31,0.19292508,62.29403,52.985893
1995-04-15,0.18311232,49.34634,59.806255
1995-04-30,0.16903745,87.874115,62.183666
1995-05-15,0.14925465,10.650421,57.9023
1995-05-31,0.1318277,12.834544,51.80835
1995-06-15,0.11263666,8.173356,43.52579
1995-06-30,0.096966274,11.050519,36.226673
1995-07-15,0.09340451,84.896576,40.571064
1995-07-31,0.11491759,121.29831,51.974926
1995-08-15,0.14920227,61.658123,60.086304
1995-08-31,0.18268168,119.569176,64.72207
1995-09-15,0.2003333,32.3489,64.44032
1995-09-30,0.19603,45.371307,59.151306
1995-10-15,0.18236329,6.0167375,55.88916
1995-10-31,0.16977903,3.8514614,54.328495
1995-11-15,0.15638947,4.474654,52.695564
1995-11-30,0.145824,4.718738,54.438507
1995-12-15,0.14340451,12.644239,57.196754
1995-12-31,0.14681648,6.3144813,53.46669
1996-01-15,0.15394011,28.510393,51.474945
1996-01-31,0.1631161,9.066276,52.570576
1996-02-15,0.17701869,33.328423,53.686024
1996-02-29,0.1899587,17.899523,56.07718
1996-03-15,0.20514598,45.23504,59.55929
1996-03-31,0.2191311,16.686731,62.82579
1996-04-15,0.21256922,27.548693,61.729607
1996-04-30,0.18199617,7.959649,55.990948
1996-05-15,0.15155432,11.847589,54.30349
1996-05-31,0.12791009,19.101997,57.96866
1996-06-15,0.10914981,17.004425,59.22483
1996-06-30,0.1005805,66.923874,57.815876
1996-07-15,0.104131095,36.967907,52.22126
1996-07-31,0.11108616,28.241802,48.575764
1996-08-15,0.1268839,59.22632,51.57004
1996-08-31,0.15471536,131.64859,57.781017
1996-09-15,0.17474161,46.589832,62.94206
1996-09-30,0.17846446,39.342224,64.302574
1996-10-15,0.17662919,6.2518997,61.02247
1996-10-31,0.17185771,3.9283566,58.960266
1996-11-15,0.16345699,5.025353,58.09849
1996-11-30,0.15641579,4.3947453,59.01549
1996-12-15,0.15408239,2.4314167,52.869366
1996-12-31,0.14898875,2.6469116,41.097694
1997-01-15,0.1469101,6.045811,34.409
1997-01-31,0.15542689,34.204605,35.04467
1997-02-15,0.16978651,8.451562,34.95661
1997-02-28,0.17812364,10.3267355,30.374584
1997-03-15,0.17965917,20.181097,30.185123
1997-03-31,0.17326586,41.9156,39.71453
1997-04-15,0.1672809,35.013317,52.008625
1997-04-30,0.16232207,50.967907,65.17041
1997-05-15,0.1571723,16.984318,74.52553
1997-05-31,0.14232965,15.549476,78.473724
1997-06-15,0.12270414,25.686947,70.11479
1997-06-30,0.10920977,16.90714,59.007263
1997-07-15,0.09937827,26.675402,50.307335
1997-07-31,0.10807863,84.262375,48.348686
1997-08-15,0.13953932,57.920647,53.211662
1997-08-31,0.17032582,72.662674,63.282932
1997-09-15,0.19172661,20.867699,75.31904
1997-09-30,0.19823971,38.403015,79.23946
1997-10-15,0.19034462,17.01696,81.92815
1997-10-31,0.18221717,5.920272,85.12934
1997-11-15,0.18054684,6.415919,88.94209
1997-11-30,0.17455803,4.4739375,87.60867
1997-12-15,0.17287639,8.909499,84.13978
1997-12-31,0.17987643,4.0497265,80.606514
1998-01-15,0.19277903,8.119881,78.1988
1998-01-31,0.20930706,21.329351,75.12012
1998-02-15,0.22447564,64.33148,74.78243
1998-02-28,0.23486511,19.366766,78.38551
1998-03-15,0.24565913,20.157637,81.1771
1998-03-31,0.24695504,27.055582,79.428314
1998-04-15,0.23308991,25.847248,76.53833
1998-04-30,0.2077079,51.574276,77.92486
1998-05-15,0.185191,13.861099,77.14896
1998-05-31,0.16579777,5.5105286,75.25169
1998-06-15,0.1537416,10.057672,70.430824
1998-06-30,0.14481649,13.429998,67.63133
1998-07-15,0.14656551,89.69395,68.60683
1998-07-31,0.16678654,79.338974,70.26354
1998-08-15,0.19013108,84.72569,68.28045
1998-08-31,0.20620969,68.29353,68.35209
1998-09-15,0.21800378,63.179184,68.02904
1998-09-30,0.21127707,30.099356,62.789375
1998-10-15,0.19075285,6.60183,56.101963
1998-10-31,0.17031455,3.885049,52.276936
1998-11-15,0.15013489,2.1493237,51.330235
1998-11-30,0.13343067,2.194502,49.021877
1998-12-15,0.12045693,2.1790686,46.737263
1998-12-31,0.11393261,4.962948,49.34159
1999-01-15,0.12922849,72.61303,55.0519
1999-01-31,0.15592134,25.577368,63.349655
1999-02-15,0.1870075,20.829226,66.78144
1999-02-28,0.22046436,19.473421,68.71365
1999-03-15,0.24271539,29.089853,69.527565
1999-03-31,0.24558426,17.848818,66.83575
1999-04-15,0.22525838,5.745533,57.852757
1999-04-30,0.18625836,3.2971306,50.090515
1999-05-15,0.15283148,9.888489,47.75601
1999-05-31,0.12898499,5.7633653,51.114567
1999-06-15,0.108220994,10.828183,47.061478
1999-06-30,0.09541952,25.814014,44.71411
1999-07-15,0.0989925,48.96241,44.69412
1999-07-31,0.11712732,98.27334,47.650394
1999-08-15,0.14502248,82.65089,52.986454
1999-08-31,0.17531456,41.766884,59.815292
1999-09-15,0.1832285,20.654013,62.899014
1999-09-30,0.1818914,61.75487,64.40579
1999-10-15,0.17465174,3.6372983,61.049335
1999-10-31,0.1601536,2.3081946,56.634163
1999-11-15,0.15539326,6.6220713,61.37964
1999-11-30,0.1562434,5.6251464,64.83941
1999-12-15,0.15475279,2.1697953,62.269474
1999-12-31,0.15072289,3.215383,66.39511
2000-01-15,0.15350184,33.086216,68.34452
2000-01-31,0.17345318,19.151205,72.80041
2000-02-15,0.20124339,14.569828,75.72214
2000-02-29,0.21912363,13.067836,70.81023
2000-03-15,0.22551304,8.169125,59.577126
2000-03-31,0.21487634,25.850706,48.40913
2000-04-15,0.1811423,5.85503,39.47313
2000-04-30,0.13525467,14.325963,32.064648
2000-05-15,0.09955805,14.9324875,29.677221
2000-05-31,0.071206,10.600898,34.26631
2000-06-15,0.053397026,23.955503,32.97399
2000-06-30,0.045363296,14.250586,32.92647
2000-07-15,0.049157295,53.510937,36.040417
2000-07-31,0.06592883,53.39025,40.071156
2000-08-15,0.08844569,56.807434,39.695225
2000-08-31,0.10577901,67.87865,39.28704
2000-09-15,0.11744569,46.526676,38.314137
2000-09-30,0.12005992,69.511734,33.401863
2000-10-15,0.12396631,4.8824577,22.471523
2000-10-31,0.117617965,1.4593674,25.291643
2000-11-15,0.114295915,2.330219,35.563175
2000-11-30,0.11439326,2.5963788,47.83824
2000-12-15,0.11186889,6.3500347,58.566326
2000-12-31,0.11884642,17.788294,58.974415
2001-01-15,0.13940075,5.864678,42.75935
2001-01-31,0.15262544,6.3356295,22.628262
2001-02-15,0.15460673,7.6662855,15.684568
2001-02-28,0.15095878,7.1610193,9.407787
2001-03-15,0.14026591,9.015439,4.7175946
2001-03-31,0.12450559,27.159065,2.7282467
2001-04-15,0.109352045,17.669924,3.9179628
2001-04-30,0.097535565,22.188114,8.111049
2001-05-15,0.084483124,12.219369,12.577581
2001-05-31,0.067970045,7.004503,22.840878
2001-06-15,0.059513118,34.296654,32.09614
2001-06-30,0.061749067,23.493856,38.936855
2001-07-15,0.07761796,96.65262,46.58301
2001-07-31,0.11098127,76.1548,56.23446
2001-08-15,0.14713484,86.58363,58.00296
2001-08-31,0.16625844,29.173946,56.92868
2001-09-15,0.16899626,58.46045,54.443428
2001-09-30,0.16387261,26.475769,50.027943
2001-10-15,0.15304877,4.1461325,41.662243
2001-10-31,0.14025468,2.3237524,38.079548
2001-11-15,0.13473779,3.315255,36.594135
2001-11-30,0.13241208,2.484721,34.736816
2001-12-15,0.13020599,5.8969035,33.506554
2001-12-31,0.1296779,6.244585,27.655468
2002-01-15,0.13297002,10.5236,21.203878
2002-01-31,0.14136326,5.2865634,17.49594
2002-02-15,0.14775656,7.3711634,19.309559
2002-02-28,0.1538689,38.250656,18.296432
2002-03-15,0.16082402,18.115862,15.646267
2002-03-31,0.16117229,14.512276,13.651477
2002-04-15,0.1516742,15.361544,12.217988
2002-04-30,0.13504119,10.895852,10.906405
2002-05-15,0.115632966,8.282333,10.710354
2002-05-31,0.09840825,6.9252768,16.068775
2002-06-15,0.079378285,11.366492,14.425591
2002-06-30,0.06998502,37.02851,14.563975
2002-07-15,0.06673408,17.911226,14.952988
2002-07-31,0.06973783,26.841856,23.766243
2002-08-15,0.08521723,115.655266,37.096798
2002-08-31,0.12243822,83.987976,51.68757
2002-09-15,0.16375282,59.92337,61.77275
2002-09-30,0.17521349,42.34852,63.56077
2002-10-15,0.16585025,6.923274,53.86689
2002-10-31,0.14991763,5.890446,50.101784
2002-11-15,0.14515729,5.3615193,51.019764
2002-11-30,0.1492135,2.646648,53.411327
2002-12-15,0.15267788,6.1329055,53.138714
2002-12-31,0.15710488,17.423279,55.442863
2003-01-15,0.16497001,9.453506,51.348434
2003-01-31,0.17474535,30.237488,48.706318
2003-02-15,0.18421349,14.754584,52.18841
2003-02-28,0.19076402,108.31159,56.7242
2003-03-15,0.19426212,23.122238,57.096684
2003-03-31,0.19694757,42.951984,55.659645
2003-04-15,0.18797007,30.869555,56.767784
2003-04-30,0.17209737,13.997967,57.637157
2003-05-15,0.1516067,5.0976267,58.148552
2003-05-31,0.1313408,11.333109,60.408348
2003-06-15,0.112382,14.283843,55.409042
2003-06-30,0.0978951,20.808817,52.890587
2003-07-15,0.10061049,54.4276,58.02122
2003-07-31,0.12668914,121.33174,63.66647
2003-08-15,0.1581124,62.58016,67.59373
2003-08-31,0.18301126,39.088753,71.24998
2003-09-15,0.18904488,48.165794,71.49482
2003-09-30,0.18772662,52.733242,67.408295
2003-10-15,0.17977895,3.4481254,60.87538
2003-10-31,0.16243815,1.3243662,56.42251
2003-11-15,0.15300375,5.0749965,59.277115
2003-11-30,0.15662545,3.882253,66.646774
2003-12-15,0.16001125,6.1910553,68.61985
2003-12-31,0.16683896,7.0302925,72.28861
2004-01-15,0.19461057,31.655035,73.03493
2004-01-31,0.21288393,79.622246,72.591576
2004-02-15,0.22736707,23.314243,71.12305
2004-02-29,0.25027344,32.037567,67.15378
2004-03-15,0.20281652,10.144514,62.74446
2004-03-31,0.09453181,7.1691585,57.25763
2004-04-15,0.09453181,8.532305,57.25763
2004-04-30,0.09453181,52.386887,57.25763
2004-05-15,0.09453181,5.0282745,57.25763
2004-05-31,0.09453181,7.8546844,57.25763
2004-06-15,0.09453181,8.668711,57.25763
2004-06-30,0.09485016,18.42499,56.14283
2004-07-15,0.09655052,68.58414,47.343227
2004-07-31,0.107089885,30.667124,39.452602
2004-08-15,0.121554345,48.056175,36.59206
2004-08-31,0.13661422,93.1494,34.72028
2004-09-15,0.14253183,57.904503,33.64986
2004-09-30,0.14027716,46.84096,33.96683
2004-10-15,0.1383034,10.684171,40.568645
2004-10-31,0.13926218,17.296225,48.44441
2004-11-15,0.1394457,2.225507,55.416256
2004-11-30,0.14443818,9.077038,61.596706
2004-12-15,0.1603184,1.8612819,73.49627
2004-12-31,0.1785542,20.280308,84.5624
2005-01-15,0.19646071,12.53054,85.16342
2005-01-31,0.20645317,60.451267,84.048874
2005-02-15,0.21102616,78.12013,81.40762
2005-02-28,0.22048312,10.45872,80.61119
2005-03-15,0.23504864,27.424986,80.29648
2005-03-31,0.24047565,81.42796,78.06989
2005-04-15,0.23505993,2.8697197,71.83338
2005-04-30,0.20649064,16.79933,71.90616
2005-05-15,0.1742771,22.602448,72.73241
2005-05-31,0.1494361,20.454296,76.38253
2005-06-15,0.13482775,10.894981,73.33962
2005-06-30,0.12650003,12.986067,67.743515
2005-07-15,0.1302481,59.34033,67.466934
2005-07-31,0.14870416,81.95427,67.37872
2005-08-15,0.17103368,71.08302,64.26853
2005-08-31,0.1834607,72.41586,61.160007
2005-09-15,0.18570414,65.41856,55.598873
2005-09-30,0.17931832,45.980755,48.60436
2005-10-15,0.16859177,6.8860474,44.84552
2005-10-31,0.1597228,3.0327623,46.69745
2005-11-15,0.15647186,3.2510962,50.75685
2005-11-30,0.15718345,4.8334885,53.820522
2005-12-15,0.16054682,3.3425035,53.071747
2005-12-31,0.16412356,15.988133,46.886818
2006-01-15,0.16942321,40.37504,44.208633
2006-01-31,0.1750187,24.652632,34.20958
2006-02-15,0.1776817,21.509832,23.51316
2006-02-28,0.17956926,16.166813,20.01408
2006-03-15,0.17613856,15.355723,18.525583
2006-03-31,0.1675693,15.712165,20.567635
2006-04-15,0.15292513,21.854284,22.979221
2006-04-30,0.12902251,18.053545,20.818848
2006-05-15,0.10491763,9.697527,21.44822
2006-05-31,0.087408245,15.292807,29.081795
2006-06-15,0.077659175,7.232759,32.83192
2006-06-30,0.07706742,27.227184,38.10335
2006-07-15,0.08647192,106.55805,44.20296
2006-07-31,0.11339322,101.6918,56.275753
2006-08-15,0.14895883,115.77659,65.35961
2006-08-31,0.17937458,68.99095,67.43683
2006-09-15,0.18971537,27.58946,67.004196
2006-09-30,0.18283516,31.19867,63.22563
2006-10-15,0.16519853,7.350858,57.57275
2006-10-31,0.14281271,8.121028,55.327858
2006-11-15,0.13768536,8.967376,63.30901
2006-11-30,0.14966293,5.4894214,73.058556
2006-12-15,0.16816112,30.06311,77.85466
2006-12-31,0.18828093,6.079779,78.66542
2007-01-15,0.20839326,3.539435,73.04648
2007-01-31,0.21668172,5.251496,64.330315
2007-02-15,0.22417241,124.19142,66.04606
2007-02-28,0.2383708,60.008293,74.713356
2007-03-15,0.25289884,44.62553,80.34433
2007-03-31,0.2610749,51.12496,81.61287
2007-04-15,0.24871537,12.412836,76.99719
2007-04-30,0.20775644,9.672259,69.8642
2007-05-15,0.16644198,19.348057,67.65791
2007-05-31,0.14065172,16.65599,73.54963
2007-06-15,0.1247603,15.127083,75.10266
2007-06-30,0.12576029,65.67587,79.8085
2007-07-15,0.14776032,104.41331,84.64671
2007-07-31,0.16989507,81.79153,80.059746
2007-08-15,0.18102619,103.42797,74.69536
2007-08-31,0.1918165,42.776794,71.48349
2007-09-15,0.19834831,48.334503,69.8971
2007-09-30,0.19819842,60.3235,63.298397
2007-10-15,0.18928097,1.6609553,54.456142
2007-10-31,0.17508982,1.2965211,48.843613
2007-11-15,0.15999621,1.5367879,48.63318
2007-11-30,0.15619099,9.672316,53.290005
2007-12-15,0.16696632,10.337397,63.026005
2007-12-31,0.18519476,4.642733,69.76041
2008-01-15,0.20061804,65.72966,76.79592
2008-01-31,0.21238199,35.966545,75.67061
2008-02-15,0.21887642,15.616438,62.556488
2008-02-29,0.21724722,7.3365083,49.16795
2008-03-15,0.21082774,9.066007,38.139427
2008-03-31,0.19420975,14.940659,35.531914
2008-04-15,0.17541583,80.51969,42.671387
2008-04-30,0.16117227,9.653885,49.633884
2008-05-15,0.14568168,6.7812533,55.78493
2008-05-31,0.12355806,16.813559,66.623146
2008-06-15,0.114625484,31.224028,76.06355
2008-06-30,0.119003706,62.143734,81.6951
2008-07-15,0.13922466,85.711655,83.54219
2008-07-31,0.16625094,48.570145,82.62863
2008-08-15,0.19492519,148.23479,79.90786
2008-08-31,0.21088384,52.25344,74.31534
2008-09-15,0.21056932,62.83111,65.808075
2008-09-30,0.19472282,45.20096,55.58873
2008-10-15,0.17720224,7.300256,49.94039
2008-10-31,0.16389512,3.4639375,49.465508
2008-11-15,0.15508242,7.296532,53.176678
2008-11-30,0.1536779,3.2870753,56.99339
2008-12-15,0.16020972,12.318668,60.82327
2008-12-31,0.17493264,22.383352,66.98617
2009-01-15,0.19164042,21.57399,68.69771
2009-01-31,0.21482778,42.013084,69.19861
2009-02-15,0.23557681,47.15307,71.769035
2009-02-28,0.24783522,14.615864,69.895874
2009-03-15,0.2468613,12.29126,64.27748
2009-03-31,0.23200752,55.749863,63.673702
2009-04-15,0.21573783,80.832436,67.33774
2009-04-30,0.2015019,5.727301,72.05309
2009-05-15,0.17926218,24.737944,69.34276
2009-05-31,0.15504117,7.6703534,63.410442
2009-06-15,0.13227719,16.58648,53.018368
2009-06-30,0.11200377,8.421775,39.94143
2009-07-15,0.098966315,16.808096,28.564909
2009-07-31,0.0994345,53.5886,26.97794
2009-08-15,0.11495507,44.597702,29.132135
2009-08-31,0.14179027,92.77682,34.42689
2009-09-15,0.16019475,24.209232,36.039196
2009-09-30,0.16032587,22.536026,31.404026
2009-10-15,0.15150557,8.119912,30.666143
2009-10-31,0.14168914,2.0453353,33.713505
2009-11-15,0.13399999,3.1280751,35.387287
2009-11-30,0.1262247,2.6362302,33.195877
2009-12-15,0.11949817,6.2621994,27.077478
2009-12-31,0.11894384,4.721543,19.62845
2010-01-15,0.118992515,7.299476,12.86056
2010-01-31,0.12117979,20.002163,17.90357
2010-02-15,0.13124344,90.0512,26.746399
2010-02-28,0.14764419,33.6479,27.501238
2010-03-15,0.16414984,23.884657,22.517782
2010-03-31,0.16785768,18.376762,17.898493
2010-04-15,0.1516255,5.2331414,14.593741
2010-04-30,0.12821722,26.872053,15.389937
2010-05-15,0.11159922,23.11477,18.152298
2010-05-31,0.09775279,9.281191,27.048754
2010-06-15,0.08355057,33.447987,25.919327
2010-06-30,0.07215355,26.421022,25.695688
2010-07-15,0.07001497,33.657314,28.058262
2010-07-31,0.08019101,207.90338,41.751675
2010-08-15,0.11449065,138.90503,56.003387
2010-08-31,0.17059928,84.06532,70.29842
2010-09-15,0.20934083,42.351196,75.40727
2010-09-30,0.21741575,30.788818,71.15785
2010-10-15,0.20359176,2.5547583,62.253506
2010-10-31,0.1853071,5.546324,60.813778
2010-11-15,0.1759925,1.8815422,63.218567
2010-11-30,0.17147186,2.0123477,61.648693
2010-12-15,0.16872285,2.733263,59.93633
2010-12-31,0.1707266,9.425281,56.552116
2011-01-15,0.17695874,6.259247,58.37268
2011-01-31,0.18962924,10.802747,58.39202
2011-02-15,0.19914608,74.212585,62.801785
2011-02-28,0.21199618,36.55833,64.41544
2011-03-15,0.22857676,19.9886,59.95725
2011-03-31,0.22987272,18.241634,56.307972
2011-04-15,0.20713854,44.180237,54.01671
2011-04-30,0.17860672,14.739059,49.673523
2011-05-15,0.14998125,19.276373,46.034317
2011-05-31,0.12441196,13.813099,47.06866
2011-06-15,0.10602249,8.00682,48.323536
2011-06-30,0.10253932,27.835705,56.825356
2011-07-15,0.11718355,87.868126,67.250175
2011-07-31,0.14633703,119.268616,72.96298
2011-08-15,0.17703,102.62194,75.6218
2011-08-31,0.20147939,116.68138,76.65075
2011-09-15,0.21207117,63.846054,76.1332
2011-09-30,0.20850942,43.962936,69.708694
2011-10-15,0.19369292,9.07484,61.493828
2011-10-31,0.17704871,8.051735,60.434624
2011-11-15,0.16176404,6.9462504,60.404716
2011-11-30,0.15648678,3.260251,59.489994
2011-12-15,0.16259551,1.9990745,60.1761
2011-12-31,0.17020604,2.16812,60.259613
2012-01-15,0.1778389,19.254658,61.639492
2012-01-31,0.19091372,9.284028,63.58195
2012-02-15,0.20413113,31.000252,62.046787
2012-02-29,0.20556559,18.759945,54.101746
2012-03-15,0.19285025,19.288607,43.299305
2012-03-31,0.17191388,18.802822,36.61048
2012-04-15,0.14728093,36.425503,36.713028
2012-04-30,0.12940077,37.85464,39.30942
2012-05-15,0.117808975,17.251696,40.081844
2012-05-31,0.10687645,11.314803,41.41479
2012-06-15,0.09551688,6.247807,32.40091
2012-06-30,0.08386517,5.6610827,23.145851
2012-07-15,0.080292165,59.60518,20.288185
2012-07-31,0.08893635,24.56961,26.85471
2012-08-15,0.101591766,44.635086,33.908783
2012-08-31,0.121531785,93.84063,45.896297
2012-09-15,0.16538344,77.75486,62.979706
2012-09-30,0.18309772,37.76201,62.595734
2012-10-15,0.17649998,5.801632,59.83564
2012-10-31,0.15755261,4.883185,59.18723
2012-11-15,0.14488727,1.9095796,57.432377
2012-11-30,0.14224435,3.480611,57.52696
2012-12-15,0.14603755,25.021084,57.561966
2012-12-31,0.14727715,5.0238166,58.754047
2013-01-15,0.15467787,5.450335,51.310368
2013-01-31,0.17402619,5.476019,53.562084
2013-02-15,0.19678278,70.80596,59.549088
2013-02-28,0.21615356,46.492554,65.546
2013-03-15,0.23435578,24.49726,70.78332
2013-03-31,0.24451318,37.419228,73.402245
2013-04-15,0.23465912,24.481607,75.46796
2013-04-30,0.20777528,30.834702,75.902336
2013-05-15,0.178618,9.211652,74.3281
2013-05-31,0.15472665,7.537209,73.36058
2013-06-15,0.13830338,17.821026,70.857254
2013-06-30,0.13074157,47.408306,69.92414
2013-07-15,0.1357041,62.580837,69.206276
2013-07-31,0.15453559,84.62913,71.9165
2013-08-15,0.18060298,191.37074,72.40769
2013-08-31,0.20206745,103.08675,71.53709
2013-09-15,0.20279032,54.618153,70.483055
2013-09-30,0.1851087,32.17622,66.496666
2013-10-15,0.16790254,8.646942,59.436893
2013-10-31,0.15422098,2.400777,57.083817
2013-11-15,0.14811607,14.167706,57.231358
2013-11-30,0.14917605,5.519158,56.254845
2013-12-15,0.15393625,2.3477411,54.10444
2013-12-31,0.16191018,2.2989514,49.876358
2014-01-15,0.1684569,34.426056,41.4531
2014-01-31,0.1840449,13.950623,38.571884
2014-02-15,0.20004119,44.38199,43.36016
2014-02-28,0.2103183,8.726729,50.932457
2014-03-15,0.22094384,57.620914,60.25229
2014-03-31,0.23367785,39.6102,70.08668
2014-04-15,0.23259547,48.023693,78.67806
2014-04-30,0.20969658,44.381042,80.7438
2014-05-15,0.18075283,16.893148,79.78716
2014-05-31,0.1551386,19.811726,75.56713
2014-06-15,0.13188015,7.6882935,63.311512
2014-06-30,0.116224736,13.644739,56.08556
2014-07-15,0.11491764,46.30802,53.40565
2014-07-31,0.12992138,94.18126,54.34439
2014-08-15,0.15642698,94.87686,56.25689
2014-08-31,0.18449816,83.46516,58.937958
2014-09-15,0.19441195,40.197006,63.36163
2014-09-30,0.18609364,53.4542,64.13675
2014-10-15,0.17292885,14.923666,63.453884
2014-10-31,0.16357298,14.42821,64.81846
2014-11-15,0.15692507,4.468578,65.63588
2014-11-30,0.15359174,3.545854,63.551098
2014-12-15,0.15413484,1.6816386,58.322113
2014-12-31,0.15874909,4.5428967,51.233074
2015-01-15,0.16585766,22.584854,49.80154
2015-01-31,0.18867038,19.243782,54.539986
2015-02-15,0.20750569,20.921612,60.290764
2015-02-28,0.2207566,79.67714,67.94954
2015-03-15,0.23294759,65.955826,77.94891
2015-03-31,0.24242693,49.12757,83.007744
2015-04-15,0.2380487,22.514,81.65256
2015-04-30,0.21738954,64.72062,79.06902
2015-05-15,0.18955432,24.601105,79.39639
2015-05-31,0.16625467,12.617087,82.466606
2015-06-15,0.14777902,8.308431,80.71176
2015-06-30,0.13941577,15.601712,80.46667
2015-07-15,0.15082401,61.740944,83.42778
2015-07-31,0.17686892,119.39416,85.15735
2015-08-15,0.2054645,148.59299,80.69934
2015-08-31,0.22837454,68.02829,71.79655
2015-09-15,0.22840455,38.892742,68.992714
2015-09-30,0.20949437,50.941505,66.349464
2015-10-15,0.19149806,13.450275,69.76008
2015-10-31,0.17763664,31.14652,74.86448
2015-11-15,0.17068915,7.2010765,77.63368
2015-11-30,0.16902995,2.4098425,74.392914
2015-12-15,0.17244196,18.385057,71.093864
2015-12-31,0.1801797,10.620831,65.338905
2016-01-15,0.19104488,28.653223,60.63569
2016-01-31,0.20873785,10.183194,57.74803
2016-02-15,0.2275655,21.444477,59.866974
2016-02-29,0.23738566,11.727395,63.48049
2016-03-15,0.24406365,46.18131,69.84456
2016-03-31,0.2462884,44.0711,70.740395
2016-04-15,0.23320979,29.755085,72.04967
2016-04-30,0.20486134,13.519676,69.093605
2016-05-15,0.17521726,31.064322,66.1126
2016-05-31,0.14972666,18.4672,66.31842
2016-06-15,0.13249812,23.502243,65.61308
2016-06-30,0.1264644,46.12229,68.981964
2016-07-15,0.13514604,121.556854,68.79214
2016-07-31,0.15561426,62.7619,67.169556
2016-08-15,0.18002254,65.216736,64.07353
2016-08-31,0.19415352,42.80589,56.405964
2016-09-15,0.18535957,38.606495,50.27986
2016-09-30,0.16199996,28.654575,44.84991
2016-10-15,0.14249817,6.7391534,37.923992
2016-10-31,0.12958433,3.4499102,35.28189
2016-11-15,0.12100751,2.4962642,33.865932
2016-11-30,0.12201129,5.4978027,33.181767
2016-12-15,0.12617978,3.7949638,32.703133
2016-12-31,0.13374914,3.5181227,34.913467
2017-01-15,0.13900372,19.324114,45.23044
2017-01-31,0.16133709,58.785847,49.790634
2017-02-15,0.18564415,34.37037,46.04974
2017-02-28,0.20132948,34.528522,43.65938
2017-03-15,0.20682023,19.870703,40.153473
2017-03-31,0.2040188,25.829252,35.95167
2017-04-15,0.18803369,22.886017,35.011047
2017-04-30,0.16180529,40.13941,37.696453
2017-05-15,0.13986515,70.91282,43.52099
2017-05-31,0.12315736,29.314981,50.482487
2017-06-15,0.113157265,9.817038,52.09118
2017-06-30,0.11393261,38.056156,58.411514
2017-07-15,0.12637454,74.754326,63.137344
2017-07-31,0.15029217,105.80754,64.6205
2017-08-15,0.1806442,64.762375,64.04589
2017-08-31,0.20577526,75.22785,62.92453
2017-09-15,0.20928091,54.956104,59.69144
2017-09-30,0.19008243,17.691532,48.807274
2017-10-15,0.16483147,2.4527867,43.781788
2017-10-31,0.14378652,1.7803714,46.209377
2017-11-15,0.13530332,9.989127,52.455563
2017-11-30,0.14430341,5.03265,60.07675
2017-12-15,0.15956923,16.274134,60.77337
2017-12-31,0.17264798,23.05328,53.19174
2018-01-15,0.1830188,5.0889606,44.51253
2018-01-31,0.19786142,7.9467273,41.29447
2018-02-15,0.21391384,43.892044,45.954937
2018-02-28,0.22314231,17.072723,51.302082
2018-03-15,0.22671157,32.30657,56.777596
2018-03-31,0.22388017,17.387072,53.588604
2018-04-15,0.20395873,46.134907,57.878586
2018-04-30,0.18078278,38.89028,64.33844
2018-05-15,0.16328843,58.39373,68.49672
2018-05-31,0.14604491,9.791494,69.39984
2018-06-15,0.13022846,16.633942,62.26245
2018-06-30,0.12347566,16.909685,59.08988
2018-07-15,0.13126217,66.32923,63.721355
2018-07-31,0.15931831,191.357,70.7112
2018-08-15,0.19056933,63.875774,73.08644
2018-08-31,0.21106367,62.198708,71.154564
2018-09-15,0.21393263,43.322063,72.11824
2018-09-30,0.20182028,28.826468,71.089874
2018-10-15,0.18601495,27.556738,69.440254
2018-10-31,0.174809,2.3341866,69.39216
2018-11-15,0.17025469,7.3697705,72.02095
2018-11-30,0.17027338,4.0394692,73.39651
2018-12-15,0.1766629,14.776392,75.62526
2018-12-31,0.18484272,4.040602,78.79873
2019-01-15,0.19357681,25.914503,79.71055
2019-01-31,0.21024722,63.1814,79.75954
2019-02-15,0.22749427,39.505993,78.66963
2019-02-28,0.23802996,39.72194,76.85186
2019-03-15,0.24443446,37.664238,77.42358
2019-03-31,0.2466067,32.229782,72.29089
2019-04-15,0.23435575,33.823994,73.33906
2019-04-30,0.20905247,38.14527,74.19801
2019-05-15,0.18440448,8.149292,76.9258
2019-05-31,0.16157676,19.119104,77.72034
2019-06-15,0.14216852,14.5355425,71.352745
2019-06-30,0.13013482,11.099815,66.36476
2019-07-15,0.13435204,125.68111,67.734505
2019-07-31,0.15863293,49.18304,73.39444
2019-08-15,0.19342329,83.88018,76.05416
2019-08-31,0.21804127,65.61496,74.69749
2019-09-15,0.21991761,40.533962,75.81688
2019-09-30,0.20686519,46.909935,77.50747
2019-10-15,0.19304495,16.384998,77.43211
2019-10-31,0.18036701,3.729721,75.41977
2019-11-15,0.17538948,10.636534,78.98179
2019-11-30,0.17721346,8.820982,82.87577
2019-12-15,0.18348312,11.103818,81.889275
2019-12-31,0.19146812,2.0972376,81.40551
2020-01-15,0.19953187,51.9702,82.43762
2020-01-31,0.21327347,12.987678,79.697105
2020-02-15,0.22934835,15.928005,73.35087
2020-02-29,0.23801114,34.33267,71.93927
2020-03-15,0.24311234,36.92003,77.12748
2020-03-31,0.2480599,98.74735,81.13094
2020-04-15,0.24112736,52.713505,86.731926
2020-04-30,0.21952811,36.462658,89.358185
2020-05-15,0.19502245,46.287785,90.453735
2020-05-31,0.17185391,12.606635,90.1839
2020-06-15,0.15331458,16.970192,82.811
2020-06-30,0.1434644,28.263153,74.949715
2020-07-15,0.14661425,49.81907,67.208176
2020-07-31,0.15902628,40.410362,64.44044
2020-08-15,0.18149815,65.960175,64.98591
2020-08-31,0.20901124,142.23026,67.92641
2020-09-15,0.2238764,70.61673,70.74816
2020-09-30,0.21737081,27.647749,67.30443
2020-10-15,0.20124726,1.7888597,64.16566
2020-10-31,0.18508986,1.1346679,65.699684
2020-11-15,0.17497747,16.521679,74.07204
2020-11-30,0.17264044,5.4511347,82.836105
2020-12-15,0.17772658,29.960306,82.96077
2020-12-31,0.18604124,6.3137293,78.11835
2021-01-15,0.19863668,8.042004,73.2376
2021-01-31,0.21228836,6.5698705,63.036057
2021-02-15,0.2195506,10.573003,53.30703
2021-02-28,0.220925,12.1861105,50.98146
2021-03-15,0.21913481,50.05493,54.702057
2021-03-31,0.22811228,67.76278,61.62736
2021-04-15,0.23015352,31.29641,67.0484
2021-04-30,0.20469283,32.721855,76.05218
2021-05-15,0.17551684,19.470081,78.98158
2021-05-31,0.1510524,9.824894,73.249054
2021-06-15,0.12729211,16.46337,53.03206
2021-06-30,0.11731084,19.193089,52.271336
